                  epoch,         train/box_loss,         train/seg_loss,         train/cls_loss,         train/dfl_loss,   metrics/precision(B),      metrics/recall(B),       metrics/mAP50(B),    metrics/mAP50-95(B),   metrics/precision(M),      metrics/recall(M),       metrics/mAP50(M),    metrics/mAP50-95(M),           val/box_loss,           val/seg_loss,           val/cls_loss,           val/dfl_loss,                 lr/pg0,                 lr/pg1,                 lr/pg2
                      1,                0.89557,                 1.8726,                 1.4013,                 1.1027,                0.93195,                0.53022,                 0.6232,                0.50261,                0.93964,                0.52737,                 0.6067,                0.48275,                0.87044,                 2.0404,                 1.0458,                0.78203,             0.00066379,             0.00066379,             0.00066379
                      2,                0.86079,                 1.6497,                0.89365,                 1.0682,                0.72177,                0.50342,                0.56609,                0.42206,                0.71337,                0.47263,                0.51972,                0.32124,                 1.0114,                 2.9019,                 1.2421,                0.81402,              0.0013217,              0.0013217,              0.0013217
                      3,                0.84373,                 1.6113,                0.83238,                 1.0667,                0.32829,                0.44638,                0.29765,                0.22198,                0.32898,                0.44413,                0.29305,                0.19016,                 1.1055,                 2.2821,                 1.9192,                0.89503,              0.0019708,              0.0019708,              0.0019708
                      4,                0.82074,                 1.5611,                0.78463,                 1.0532,                0.92363,                0.55164,                0.67931,                0.55758,                0.85001,                0.57834,                0.66955,                0.52076,                0.76039,                 1.7405,                0.83385,                0.72261,              0.0019604,              0.0019604,              0.0019604
                      5,                0.76319,                 1.4735,                 0.7274,                  1.033,                0.92539,                 0.5439,                0.62318,                0.52535,                0.93566,                0.53889,                0.61707,                0.51526,                0.77221,                 1.4165,                 1.0678,                0.70621,              0.0019472,              0.0019472,              0.0019472
                      6,                0.75775,                 1.4456,                0.72683,                 1.0382,                0.86816,                0.58495,                0.69118,                0.57557,                0.87193,                0.57447,                0.68477,                0.54978,                0.70744,                  1.422,                0.77955,                0.69756,               0.001934,               0.001934,               0.001934
                      7,                0.71515,                 1.3866,                0.67715,                 1.0208,                0.94846,                0.54558,                0.57994,                0.52228,                0.94747,                0.54501,                0.57869,                 0.4896,                0.69877,                 1.3925,                 1.6021,                0.69624,              0.0019208,              0.0019208,              0.0019208
                      8,                0.71392,                 1.3666,                0.67276,                 1.0236,                  0.901,                 0.6106,                0.71105,                0.61024,                0.90965,                 0.6049,                0.70202,                0.57175,                0.65688,                 1.2786,                0.67406,                0.66837,              0.0019076,              0.0019076,              0.0019076
                      9,                0.69916,                 1.3027,                0.65575,                 1.0145,                0.92764,                0.61288,                0.72058,                 0.6112,                0.92937,                0.61403,                0.71756,                0.57754,                0.63388,                 1.2547,                0.63885,                0.66331,              0.0018944,              0.0018944,              0.0018944
                     10,                0.68398,                 1.3205,                0.63777,                 1.0087,                0.88033,                0.62069,                 0.7096,                 0.6098,                0.87751,                0.61802,                0.70121,                0.57964,                0.65231,                 1.3169,                0.67352,                0.68344,              0.0018812,              0.0018812,              0.0018812
                     11,                0.66668,                 1.2645,                0.62467,                 1.0045,                0.89581,                0.62252,                0.72015,                0.62003,                0.89466,                 0.6198,                0.71059,                0.57638,                0.67352,                  1.209,                 0.6686,                0.67867,               0.001868,               0.001868,               0.001868
                     12,                0.67074,                 1.2851,                0.62326,                 1.0052,                0.97966,                0.52052,                0.58179,                0.52375,                0.97966,                0.52052,                0.58053,                0.49995,                0.66038,                 1.3392,                 1.3243,                0.69267,              0.0018548,              0.0018548,              0.0018548
                     13,                0.64985,                 1.2735,                0.60704,                0.99991,                0.94696,                0.58438,                0.71334,                0.60772,                 0.9441,                0.58735,                 0.7062,                0.57869,                0.59529,                 1.1867,                 0.6456,                0.65409,              0.0018416,              0.0018416,              0.0018416
                     14,                0.66443,                 1.2529,                0.61864,                 1.0039,                0.86795,                0.62885,                0.71691,                0.61104,                0.88728,                0.61745,                0.70573,                0.56963,                0.62972,                 1.4091,                0.64869,                0.67072,              0.0018284,              0.0018284,              0.0018284
                     15,                0.64482,                   1.22,                0.59143,                0.99826,                 0.9123,                0.63113,                0.71904,                0.59508,                0.92523,                0.62201,                0.70899,                0.57807,                 0.6859,                 1.2582,                0.66209,                0.69053,              0.0018152,              0.0018152,              0.0018152
                     16,                0.64125,                 1.2438,                0.58997,                0.99499,                0.91479,                0.60775,                 0.7147,                0.61183,                0.91553,                0.60376,                0.70876,                0.59086,                0.61918,                 1.1064,                0.64745,                0.66106,               0.001802,               0.001802,               0.001802
                     17,                0.62527,                 1.1942,                0.58198,                0.98989,                0.90334,                0.64025,                0.74292,                0.64078,                0.90174,                0.63911,                0.73235,                0.61003,                0.57397,                 1.0794,                0.56737,                0.64173,              0.0017888,              0.0017888,              0.0017888
                     18,                0.63574,                 1.2049,                0.58033,                0.99042,                0.93534,                0.61858,                0.70396,                0.60806,                0.93536,                0.61517,                0.69551,                0.58818,                0.61564,                  1.105,                0.72751,                0.64616,              0.0017756,              0.0017756,              0.0017756
                     19,                0.61969,                 1.1676,                0.56786,                0.98654,                0.86628,                0.66135,                0.74553,                0.64193,                0.86496,                0.66096,                 0.7387,                0.61404,                0.57163,                 1.1171,                0.64416,                0.63913,              0.0017624,              0.0017624,              0.0017624
                     20,                0.61828,                 1.2001,                0.56812,                0.98806,                0.88582,                0.66345,                0.76289,                0.65673,                 0.8829,                0.65336,                0.75052,                0.61797,                0.60868,                 1.1151,                0.60639,                0.64532,              0.0017492,              0.0017492,              0.0017492
                     21,                 0.6085,                 1.1589,                0.56441,                0.98009,                0.93011,                0.63733,                0.75587,                0.65042,                0.93011,                0.63733,                0.74691,                0.61889,                0.58058,                 1.1052,                0.59419,                 0.6405,               0.001736,               0.001736,               0.001736
                     22,                0.60729,                 1.1684,                0.55806,                0.98328,                0.90302,                0.64481,                0.75639,                0.64769,                0.89939,                0.63708,                0.74393,                0.61371,                 0.5827,                 1.1045,                0.55734,                0.64326,              0.0017228,              0.0017228,              0.0017228
                     23,                0.61492,                  1.204,                0.55875,                0.98429,                0.91581,                0.64481,                0.75666,                0.65522,                0.91619,                0.64481,                0.75579,                0.62975,                 0.5652,                 1.0511,                0.55396,                 0.6267,              0.0017096,              0.0017096,              0.0017096
                     24,                0.60496,                 1.1842,                0.54439,                 0.9793,                 0.8945,                0.64294,                0.74672,                0.64805,                0.89054,                0.64009,                0.73929,                0.61028,                 0.5374,                 1.1454,                0.57272,                0.62127,              0.0016964,              0.0016964,              0.0016964
                     25,                 0.5962,                 1.1313,                 0.5462,                0.97411,                0.98266,                  0.561,                0.64056,                 0.5778,                0.98345,                0.56157,                0.63843,                0.55465,                0.58278,                 1.1485,                0.92754,                0.64704,              0.0016832,              0.0016832,              0.0016832
                     26,                0.59829,                  1.162,                0.54926,                0.97865,                0.91198,                0.66157,                0.77251,                0.66118,                0.91665,                0.65206,                0.76686,                0.63617,                0.54838,                 1.0292,                0.50074,                0.62326,                0.00167,                0.00167,                0.00167
                     27,                0.58469,                 1.1369,                0.53891,                0.97555,                0.88962,                0.65849,                0.76147,                0.65558,                 0.9179,                0.63854,                0.75149,                0.61959,                0.56312,                 1.0181,                0.53287,                0.64218,              0.0016568,              0.0016568,              0.0016568
                     28,                0.59439,                 1.1278,                0.53688,                0.97667,                0.91146,                0.65165,                0.76797,                  0.658,                0.93194,                0.64025,                0.75663,                0.62767,                0.56017,                 1.1416,                0.54031,                0.64079,              0.0016436,              0.0016436,              0.0016436
                     29,                0.58915,                 1.1592,                0.54169,                0.97619,                0.88017,                0.64492,                0.75673,                0.64312,                 0.8707,                 0.6373,                0.73913,                0.61531,                0.58602,                 1.1032,                0.57178,                0.64816,              0.0016304,              0.0016304,              0.0016304
                     30,                0.58823,                 1.1208,                0.53609,                0.97515,                0.88074,                0.68208,                 0.7767,                0.66453,                 0.9196,                0.65864,                0.76897,                0.63791,                0.54983,                 1.0112,                0.53834,                0.63384,              0.0016172,              0.0016172,              0.0016172
                     31,                  0.581,                 1.0866,                0.52655,                0.96772,                0.91505,                0.66363,                0.77855,                0.67157,                0.92399,                0.65336,                0.77118,                0.64124,                0.53711,                0.98509,                0.53138,                0.63303,               0.001604,               0.001604,               0.001604
                     32,                0.57869,                 1.0857,                0.53101,                0.97193,                0.90736,                0.65906,                0.76427,                0.66879,                0.91419,                0.64386,                0.75289,                0.62841,                0.52777,                 1.0534,                 0.5371,                0.61248,              0.0015908,              0.0015908,              0.0015908
                     33,                0.56768,                   1.09,                0.51795,                 0.9696,                 0.8917,                0.66819,                0.77349,                0.66181,                0.89229,                0.65621,                0.75925,                0.62909,                 0.5665,                 1.0063,                0.55546,                0.63629,              0.0015776,              0.0015776,              0.0015776
                     34,                0.57409,                 1.1086,                0.52944,                0.96651,                0.90675,                0.67083,                0.77703,                0.67212,                0.90853,                0.66306,                0.77293,                0.64263,                0.54075,                0.96013,                0.51648,                0.62104,              0.0015644,              0.0015644,              0.0015644
                     35,                0.56879,                 1.0644,                 0.5179,                0.96979,                 0.9099,                0.67366,                0.77979,                0.67541,                0.90528,                0.67024,                0.77398,                0.64669,                0.54035,                  1.008,                0.49826,                0.62765,              0.0015512,              0.0015512,              0.0015512
                     36,                0.57345,                 1.0822,                0.51715,                0.97075,                0.92447,                0.67218,                0.77834,                0.67656,                0.91951,                 0.6643,                0.77117,                0.64376,                0.55252,                 1.0228,                0.51948,                0.62748,               0.001538,               0.001538,               0.001538
                     37,                0.57525,                 1.0825,                0.51398,                0.97261,                0.90243,                0.66967,                 0.7777,                0.67376,                0.90792,                0.65964,                0.77008,                0.64612,                0.51826,                 1.0207,                0.50506,                0.61696,              0.0015248,              0.0015248,              0.0015248
                     38,                0.56713,                 1.0849,                0.51213,                0.97157,                0.90876,                0.67009,                0.78274,                0.68029,                0.91016,                0.66422,                0.77669,                0.64953,                0.49659,                0.96106,                 0.4741,                0.59979,              0.0015116,              0.0015116,              0.0015116
                     39,                 0.5575,                 1.0796,                0.50231,                0.96342,                0.90705,                0.67321,                0.78469,                0.67564,                0.90156,                0.66705,                0.77194,                0.64649,                0.53436,                 0.9525,                0.50513,                0.63185,              0.0014984,              0.0014984,              0.0014984
                     40,                0.56054,                 1.1138,                0.51009,                0.96866,                0.89762,                0.66306,                0.77519,                0.67503,                0.90233,                0.65309,                0.76447,                 0.6457,                0.53494,                0.97824,                0.54338,                0.62172,              0.0014852,              0.0014852,              0.0014852
                     41,                0.54795,                  1.013,                0.50326,                0.96134,                0.91029,                0.66525,                0.77907,                0.67148,                0.91152,                0.64608,                0.75967,                0.63605,                0.51561,                0.98582,                 0.5176,                0.61352,               0.001472,               0.001472,               0.001472
                     42,                0.55753,                 1.0687,                  0.503,                0.96321,                0.91465,                0.67203,                0.78675,                 0.6768,                0.90745,                0.66521,                0.77334,                0.64217,                0.52782,                0.96884,                0.52757,                0.61511,              0.0014588,              0.0014588,              0.0014588
                     43,                0.56975,                 1.0818,                 0.5134,                0.96651,                0.90623,                0.67617,                0.78487,                0.67388,                0.90979,                0.67271,                0.77825,                0.64691,                0.53976,                0.94637,                 0.5207,                0.62893,              0.0014456,              0.0014456,              0.0014456
                     44,                0.54633,                 1.0324,                 0.4962,                0.95614,                0.93098,                0.66133,                0.78548,                0.67308,                0.92282,                0.66591,                0.78024,                 0.6518,                0.54159,                0.97829,                0.53229,                0.62607,              0.0014324,              0.0014324,              0.0014324
                     45,                0.55216,                  1.035,                0.49459,                0.96546,                0.90486,                0.68319,                 0.7877,                0.68049,                0.90259,                0.68148,                 0.7875,                0.65386,                0.51427,                0.93112,                0.51384,                0.61577,              0.0014192,              0.0014192,              0.0014192
                     46,                0.54701,                 1.0209,                0.49724,                 0.9591,                0.90864,                0.67475,                0.78235,                0.67864,                 0.9122,                0.66705,                0.77814,                0.64916,                0.55829,                 1.0031,                0.58756,                0.64477,               0.001406,               0.001406,               0.001406
                     47,                0.53923,                 1.0092,                0.49153,                0.95893,                 0.9055,                0.66105,                0.77441,                0.67665,                0.90224,                0.65507,                0.76849,                 0.6478,                0.50605,                0.91719,                0.53105,                0.61059,              0.0013928,              0.0013928,              0.0013928
                     48,                0.54306,                 1.0354,                0.49225,                0.96126,                0.92476,                0.66567,                0.78294,                0.67961,                0.90862,                0.65762,                0.76904,                0.64525,                0.52639,                0.96882,                0.51204,                0.61536,              0.0013796,              0.0013796,              0.0013796
                     49,                0.53908,                 1.0551,                0.48462,                0.95714,                0.91451,                0.67788,                0.78693,                0.68295,                0.92254,                0.67047,                0.78046,                0.65394,                0.50636,                0.92626,                0.51392,                0.61772,              0.0013664,              0.0013664,              0.0013664
                     50,                0.54055,                 1.0401,                0.48685,                 0.9574,                0.89887,                0.67906,                0.78992,                0.68533,                  0.905,                0.67503,                0.78396,                0.65668,                  0.495,                0.93613,                 0.5034,                0.60381,              0.0013532,              0.0013532,              0.0013532
                     51,                0.54326,                 1.0295,                0.49211,                0.96117,                 0.8999,                0.67788,                0.78258,                0.68502,                0.90184,                 0.6699,                 0.7753,                0.64946,                0.50147,                0.93402,                0.48583,                0.60572,                0.00134,                0.00134,                0.00134
                     52,                0.53697,                 1.0004,                0.47938,                0.95343,                0.88495,                0.68757,                0.79151,                0.68569,                0.87391,                0.68472,                0.77996,                0.65249,                0.50949,                0.90735,                0.46678,                0.61132,              0.0013268,              0.0013268,              0.0013268
                     53,                0.53809,                  1.039,                 0.4836,                0.95777,                0.87522,                0.69184,                0.78973,                0.68697,                0.91282,                0.65667,                0.78208,                0.65593,                0.49598,                0.93144,                0.46831,                0.60596,              0.0013136,              0.0013136,              0.0013136
                     54,                0.53621,                0.99877,                0.48247,                0.95532,                0.90487,                0.67788,                0.78707,                 0.6876,                0.89859,                0.67694,                0.77944,                0.65363,                0.50421,                0.93707,                 0.4896,                0.61909,              0.0013004,              0.0013004,              0.0013004
                     55,                0.54045,                 1.0093,                 0.4871,                0.95903,                0.90535,                0.67617,                0.78868,                0.68578,                0.90602,                0.65906,                0.77314,                 0.6484,                0.50767,                0.91177,                  0.495,                0.62108,              0.0012872,              0.0012872,              0.0012872
                     56,                  0.531,                0.99622,                0.47769,                0.95181,                0.89915,                 0.6811,                 0.7923,                0.69436,                0.89385,                0.67161,                0.77564,                0.65797,                0.47479,                0.95523,                0.45605,                0.59998,               0.001274,               0.001274,               0.001274
                     57,                0.53106,                 0.9774,                0.47326,                 0.9536,                0.90125,                0.68684,                0.79514,                0.69747,                0.92862,                0.65849,                0.78501,                0.66022,                0.48189,                 0.8884,                0.47565,                0.60572,              0.0012608,              0.0012608,              0.0012608
                     58,                 0.5258,                0.98674,                0.46386,                0.95448,                0.90148,                 0.6834,                0.79436,                0.69643,                0.90152,                0.67847,                0.78963,                0.66338,                0.48047,                0.91457,                0.45685,                 0.5956,              0.0012476,              0.0012476,              0.0012476
                     59,                0.52952,                0.97589,                0.47347,                0.95377,                0.89927,                0.68415,                 0.7921,                0.69315,                0.91085,                0.67446,                0.78324,                0.66252,                0.47993,                0.93059,                0.47741,                0.59386,              0.0012344,              0.0012344,              0.0012344
                     60,                0.52953,                0.95719,                0.46992,                0.95404,                0.92013,                0.68306,                0.79618,                0.69146,                0.90842,                0.68073,                0.78286,                0.65786,                 0.4866,                0.95491,                0.46458,                 0.6022,              0.0012212,              0.0012212,              0.0012212
                     61,                0.52662,                0.99097,                0.46919,                0.95254,                0.88206,                0.70353,                0.79719,                0.70178,                0.88041,                0.69671,                0.78289,                0.66627,                 0.4669,                0.91301,                0.46834,                 0.5971,               0.001208,               0.001208,               0.001208
                     62,                0.52311,                0.98753,                0.46388,                0.95191,                0.89945,                0.67788,                0.79033,                0.69131,                0.92232,                0.66078,                0.77878,                0.65669,                0.48512,                0.89129,                0.49514,                0.60219,              0.0011948,              0.0011948,              0.0011948
                     63,                0.51861,                0.95446,                0.46406,                0.95206,                0.91272,                0.66774,                0.79836,                0.69722,                0.93535,                0.65222,                0.78986,                0.66518,                0.47531,                0.88257,                0.46928,                0.59802,              0.0011816,              0.0011816,              0.0011816
                     64,                0.51869,                0.97925,                 0.4631,                0.95214,                0.90194,                0.69222,                0.79695,                0.69655,                 0.9001,                0.68319,                0.79255,                0.66802,                0.46556,                 0.9078,                0.47747,                0.59043,              0.0011684,              0.0011684,              0.0011684
                     65,                0.51781,                0.99066,                0.46085,                 0.9516,                0.86912,                0.69897,                 0.7895,                0.68997,                0.87216,                0.69624,                0.78551,                0.66107,                0.48862,                0.87902,                0.48779,                0.60101,              0.0011552,              0.0011552,              0.0011552
                     66,                0.51272,                0.96917,                0.45516,                0.94548,                0.91234,                0.67845,                0.79671,                0.69726,                0.91164,                0.67161,                0.78479,                0.66164,                0.48475,                0.90486,                 0.4859,                0.60536,               0.001142,               0.001142,               0.001142
                     67,                0.51976,                 0.9429,                0.45856,                0.95119,                0.89094,                 0.7033,                0.80553,                0.70065,                0.88115,                0.69498,                0.78931,                0.66167,                0.46756,                 0.8943,                0.45841,                0.59138,              0.0011288,              0.0011288,              0.0011288
                     68,                0.51356,                0.97768,                0.45213,                0.94892,                0.92761,                0.67215,                0.80007,                0.70109,                0.93707,                0.66222,                0.78574,                0.66154,                0.46724,                0.90201,                0.47823,                0.59415,              0.0011156,              0.0011156,              0.0011156
                     69,                0.50719,                0.97588,                0.44753,                0.94806,                0.90434,                0.68529,                0.79541,                0.70155,                0.90329,                0.68358,                 0.7928,                 0.6634,                0.46807,                0.90972,                0.44079,                0.59486,              0.0011024,              0.0011024,              0.0011024
                     70,                0.51323,                0.94629,                0.45892,                0.94602,                0.91639,                0.68112,                  0.802,                0.70094,                 0.8991,                0.68529,                0.78689,                0.66655,                0.47159,                0.92464,                0.45107,                0.59591,              0.0010892,              0.0010892,              0.0010892
                     71,                0.51348,                0.95204,                0.45439,                0.94862,                0.90039,                 0.6927,                0.80046,                0.69969,                0.88983,                  0.687,                 0.7904,                0.66642,                0.47485,                0.92253,                0.44824,                0.59961,               0.001076,               0.001076,               0.001076
                     72,                0.52017,                0.95331,                0.45585,                0.94923,                0.92566,                0.66933,                0.79469,                0.70069,                0.92329,                0.66762,                0.78519,                0.66529,                0.47083,                  0.875,                 0.4502,                0.59636,              0.0010628,              0.0010628,              0.0010628
                     73,                0.51048,                0.94664,                0.45364,                0.94787,                 0.9059,                0.68985,                0.79939,                0.70283,                0.91152,                0.67788,                0.79133,                0.66692,                0.46338,                0.90077,                0.44147,                0.59373,              0.0010496,              0.0010496,              0.0010496
                     74,                0.50643,                0.96071,                0.45672,                0.94434,                0.93112,                 0.6782,                0.80027,                0.70162,                 0.9305,                0.67167,                0.79099,                 0.6646,                0.45861,                0.88268,                0.44221,                0.58575,              0.0010364,              0.0010364,              0.0010364
                     75,                0.50612,                0.93675,                0.45119,                0.94871,                0.91371,                0.68358,                0.80165,                0.70589,                0.90895,                0.68301,                0.79037,                0.67161,                0.45456,                 0.8572,                0.43485,                0.58365,              0.0010232,              0.0010232,              0.0010232
                     76,                0.50703,                0.94682,                0.44436,                0.94247,                0.90644,                0.68814,                0.80207,                0.70409,                0.90051,                0.67959,                 0.7896,                0.66815,                0.47899,                0.86657,                0.46168,                0.60169,                0.00101,                0.00101,                0.00101
                     77,                0.50359,                0.93718,                0.44962,                0.94107,                0.91266,                0.68985,                0.80464,                0.70532,                0.92408,                0.67446,                0.79374,                0.67094,                0.48209,                0.87816,                0.48135,                0.60896,              0.0009968,              0.0009968,              0.0009968
                     78,                0.49737,                 0.9218,                0.44033,                0.94293,                0.92278,                0.67446,                0.80294,                0.70515,                0.93344,                0.66078,                0.78843,                0.66749,                 0.4639,                 0.8731,                0.46684,                  0.595,              0.0009836,              0.0009836,              0.0009836
                     79,                0.50097,                 0.9388,                0.44472,                0.94291,                0.90627,                0.69726,                0.80897,                0.70486,                0.90567,                0.69669,                0.79859,                0.67282,                0.45694,                0.86543,                0.45027,                0.58989,              0.0009704,              0.0009704,              0.0009704
                     80,                0.49548,                0.93174,                0.43925,                0.93901,                0.91311,                0.70695,                0.81128,                0.70852,                0.90722,                0.70068,                0.80388,                0.67319,                0.46548,                0.84333,                 0.4684,                0.59687,              0.0009572,              0.0009572,              0.0009572
                     81,                0.50308,                0.97267,                0.44672,                 0.9415,                 0.8922,                0.70582,                0.80933,                0.70747,                0.93158,                0.67539,                0.79898,                0.67429,                0.46281,                0.88515,                0.45858,                0.59083,               0.000944,               0.000944,               0.000944
                     82,                0.50412,                0.93865,                0.44143,                0.94087,                0.89449,                0.70353,                0.81117,                0.71115,                0.92116,                0.68472,                0.79814,                0.67571,                0.45852,                0.85022,                0.45422,                0.59189,              0.0009308,              0.0009308,              0.0009308
                     83,                0.49647,                0.93209,                0.43717,                0.93961,                0.89618,                0.69881,                0.80754,                0.70682,                 0.9082,                0.68816,                 0.7992,                0.67457,                0.46072,                0.88276,                0.46847,                 0.5931,              0.0009176,              0.0009176,              0.0009176
                     84,                0.48991,                0.92631,                0.43675,                0.93763,                0.91448,                0.70125,                0.80745,                0.71023,                0.91838,                0.69441,                  0.803,                0.67496,                0.44221,                0.88829,                 0.4561,                 0.5837,              0.0009044,              0.0009044,              0.0009044
                     85,                0.48925,                0.90851,                0.43545,                0.94011,                 0.9294,                0.68814,                0.81196,                0.71308,                0.91785,                0.67959,                 0.7989,                0.67311,                0.45021,                0.84855,                 0.4683,                 0.5892,              0.0008912,              0.0008912,              0.0008912
                     86,                0.48817,                0.94562,                0.43149,                0.93637,                0.89684,                0.69897,                0.80588,                0.71123,                0.92098,                0.67674,                 0.7967,                0.67504,                0.44283,                0.82152,                0.46886,                 0.5823,               0.000878,               0.000878,               0.000878
                     87,                0.48977,                0.90832,                0.43445,                0.94085,                0.89435,                  0.695,                0.80593,                  0.709,                0.89928,                0.68717,                0.79703,                0.67499,                0.43963,                0.82254,                0.45004,                0.58218,              0.0008648,              0.0008648,              0.0008648
                     88,                0.49589,                 0.9322,                0.43777,                0.93774,                0.91643,                0.68775,                0.80445,                0.70639,                0.92157,                0.67902,                0.79862,                0.67041,                0.45126,                0.85022,                0.47426,                0.58776,              0.0008516,              0.0008516,              0.0008516
                     89,                 0.4817,                0.88629,                0.42773,                0.93392,                0.90663,                0.69897,                0.81065,                0.70885,                0.90605,                0.68181,                0.79772,                0.67406,                0.44223,                0.83139,                 0.4221,                0.58567,              0.0008384,              0.0008384,              0.0008384
                     90,                0.48891,                0.90256,                0.43006,                0.93906,                 0.9176,                0.69897,                 0.8121,                 0.7116,                0.91514,                0.69475,                0.80349,                0.67746,                0.44323,                0.82978,                0.42075,                0.58823,              0.0008252,              0.0008252,              0.0008252
                     91,                0.48812,                0.89332,                0.42499,                0.93986,                0.91284,                0.69864,                0.81222,                 0.7113,                0.90839,                0.69441,                0.80032,                0.67561,                0.44298,                0.86857,                0.43375,                0.58248,               0.000812,               0.000812,               0.000812
                     92,                0.48192,                0.90518,                0.43182,                0.93601,                0.88859,                0.70025,                 0.8073,                0.70755,                0.88216,                 0.6914,                0.79492,                0.67087,                0.44582,                0.84906,                 0.4437,                0.58862,              0.0007988,              0.0007988,              0.0007988
                     93,                0.48476,                0.93049,                0.42656,                0.93618,                0.90344,                 0.7041,                0.81411,                0.71438,                0.90295,                0.69491,                0.79936,                0.67339,                0.44467,                0.87201,                0.45381,                0.58827,              0.0007856,              0.0007856,              0.0007856
                     94,                0.48368,                0.88236,                0.42582,                0.93624,                0.90477,                0.69878,                0.80678,                0.71133,                0.91141,                0.68928,                0.79671,                0.67523,                0.44974,                0.83464,                0.46279,                0.59371,              0.0007724,              0.0007724,              0.0007724
                     95,                0.48708,                 0.9195,                0.42606,                0.94104,                0.92157,                0.68329,                0.80852,                0.70923,                0.92756,                0.67161,                0.80037,                0.67647,                0.44141,                0.86165,                0.46748,                0.58735,              0.0007592,              0.0007592,              0.0007592
                     96,                0.47988,                0.89458,                0.42515,                0.93227,                0.91424,                0.69284,                 0.8093,                0.71548,                0.91723,                0.68415,                0.80076,                0.67925,                0.43471,                0.86115,                0.45445,                0.58312,               0.000746,               0.000746,               0.000746
                     97,                0.48278,                0.91347,                0.42378,                0.93499,                0.91217,                0.69555,                0.81116,                0.71317,                0.91296,                0.68586,                0.80111,                0.67821,                0.44754,                0.85686,                0.47188,                0.58394,              0.0007328,              0.0007328,              0.0007328
                     98,                 0.4817,                 0.8816,                0.41793,                0.93564,                0.89118,                0.70468,                0.81156,                0.71357,                0.92862,                 0.6756,                0.80265,                0.67812,                0.43821,                0.85009,                 0.4659,                0.58627,              0.0007196,              0.0007196,              0.0007196
                     99,                0.49295,                0.90559,                0.42777,                0.94083,                0.88375,                0.70644,                0.81177,                0.71347,                0.88157,                0.69384,                0.80143,                0.67845,                0.43583,                0.85601,                0.46676,                 0.5841,              0.0007064,              0.0007064,              0.0007064
                    100,                0.47057,                0.89219,                0.41329,                0.93601,                0.91511,                0.69446,                 0.8125,                0.71568,                0.93734,                0.67389,                0.80338,                0.68023,                0.44542,                0.84998,                0.45643,                0.58928,              0.0006932,              0.0006932,              0.0006932
                    101,                0.48124,                0.86821,                0.41723,                0.93938,                0.90018,                0.70435,                0.80996,                0.71165,                0.90951,                0.69213,                0.80441,                0.67887,                0.44807,                 0.8692,                0.46921,                 0.5915,                0.00068,                0.00068,                0.00068
                    102,                0.47193,                0.87464,                0.41248,                0.93156,                0.90471,                0.70371,                0.81591,                0.71499,                0.90646,                0.68985,                 0.8018,                 0.6804,                0.44444,                0.85464,                 0.4922,                0.58465,              0.0006668,              0.0006668,              0.0006668
                    103,                 0.4767,                0.90174,                0.41728,                 0.9325,                0.90784,                0.70182,                0.81543,                0.71273,                0.90759,                0.69327,                0.80215,                0.67929,                0.46094,                0.86921,                0.47603,                0.59747,              0.0006536,              0.0006536,              0.0006536
                    104,                0.47141,                0.91966,                0.41267,                0.93425,                0.87778,                0.71893,                0.81702,                0.71556,                0.92001,                0.68244,                0.80536,                0.67977,                0.44679,                0.84507,                0.44837,                0.58583,              0.0006404,              0.0006404,              0.0006404
                    105,                0.47297,                 0.8993,                0.41486,                0.92769,                0.89461,                0.70924,                0.81514,                0.71676,                0.89842,                0.69783,                0.80351,                0.68234,                0.44081,                0.82294,                0.45998,                0.58527,              0.0006272,              0.0006272,              0.0006272
                    106,                0.47488,                0.88212,                0.41488,                0.93105,                0.90207,                0.70639,                0.81797,                0.71922,                0.89918,                0.70182,                0.80504,                0.68527,                0.45007,                0.83067,                0.46592,                0.59182,               0.000614,               0.000614,               0.000614
                    107,                0.46788,                0.89273,                0.40262,                0.92859,                0.89275,                0.70696,                0.81496,                0.71315,                0.88291,                0.70639,                0.80162,                0.67915,                0.43066,                0.82812,                0.46742,                0.57954,              0.0006008,              0.0006008,              0.0006008
                    108,                0.46451,                0.87567,                0.40414,                0.93038,                0.91206,                0.68643,                0.81346,                0.71298,                0.90673,                0.67503,                0.79364,                0.67604,                0.42722,                 0.8497,                0.46168,                0.57818,              0.0005876,              0.0005876,              0.0005876
                    109,                 0.4652,                0.88985,                0.40575,                0.92947,                0.88333,                0.71779,                0.81774,                0.71568,                0.88059,                0.71056,                0.80609,                0.68205,                0.43606,                0.84682,                0.44739,                0.58297,              0.0005744,              0.0005744,              0.0005744
                    110,                0.46815,                0.86242,                0.40358,                0.93248,                 0.8763,                0.72696,                0.82126,                0.71792,                0.86527,                0.71494,                0.80508,                0.68291,                0.44431,                0.82123,                0.45598,                0.58891,              0.0005612,              0.0005612,              0.0005612
                    111,                0.46042,                 0.8777,                0.40766,                0.92804,                0.88075,                0.72178,                0.81461,                0.71481,                0.87366,                0.70963,                0.80403,                0.68059,                0.43417,                0.83949,                0.50334,                0.58277,               0.000548,               0.000548,               0.000548
                    112,                0.46489,                0.85397,                0.40609,                 0.9317,                0.89012,                0.71722,                0.81524,                0.71823,                 0.8867,                0.71209,                0.80419,                0.68075,                0.43922,                0.82878,                0.45416,                0.58515,              0.0005348,              0.0005348,              0.0005348
                    113,                0.46542,                0.89318,                0.40781,                0.92796,                0.89201,                0.70639,                0.81474,                0.71502,                0.89591,                0.69498,                0.80325,                0.68056,                0.43428,                0.82943,                0.45108,                 0.5827,              0.0005216,              0.0005216,              0.0005216
                    114,                0.46174,                0.88024,                0.40015,                  0.925,                0.89379,                0.70526,                0.82043,                  0.719,                0.88314,                0.70658,                0.80825,                0.68205,                 0.4341,                0.82659,                0.44207,                0.58031,              0.0005084,              0.0005084,              0.0005084
                    115,                0.46324,                0.87203,                0.40421,                0.92934,                0.89551,                0.70852,                0.81688,                0.71592,                0.88907,                0.70371,                0.80445,                 0.6806,                0.43736,                0.84125,                0.43027,                0.58389,              0.0004952,              0.0004952,              0.0004952
                    116,                0.46011,                0.86832,                0.40313,                0.92525,                0.88698,                0.71437,                0.82021,                0.71913,                0.88614,                0.70547,                 0.8052,                0.68104,                0.42788,                0.83816,                0.42952,                 0.5799,               0.000482,               0.000482,               0.000482
                    117,                0.45552,                0.85082,                0.39765,                0.93036,                0.90035,                0.70572,                 0.8174,                0.71826,                0.89599,                0.70296,                0.80503,                0.68229,                0.43024,                 0.8386,                0.43048,                 0.5817,              0.0004688,              0.0004688,              0.0004688
                    118,                0.46531,                0.87212,                0.40212,                 0.9318,                0.89413,                0.71265,                0.81804,                 0.7196,                0.89125,                0.70089,                0.80265,                0.68274,                0.42857,                 0.8364,                0.43552,                0.58185,              0.0004556,              0.0004556,              0.0004556
                    119,                0.46585,                0.84914,                0.40194,                0.92902,                0.91205,                0.69767,                0.81846,                0.72083,                0.89792,                0.69204,                0.80306,                0.68356,                0.42672,                0.83286,                0.43866,                0.57977,              0.0004424,              0.0004424,              0.0004424
                    120,                0.46485,                0.86699,                0.40469,                0.92911,                0.87594,                0.71893,                0.82177,                0.72072,                0.87526,                0.70809,                0.80626,                0.68663,                0.42779,                0.83387,                0.43499,                0.57817,              0.0004292,              0.0004292,              0.0004292
                    121,                0.45685,                0.83231,                0.39311,                0.92537,                0.90194,                0.70125,                0.81835,                0.72043,                0.89242,                0.69669,                0.80388,                0.68471,                0.42775,                0.84043,                0.43113,                0.57611,               0.000416,               0.000416,               0.000416
                    122,                0.45711,                0.83368,                0.39378,                0.92761,                0.88203,                 0.7204,                0.82313,                0.72253,                0.88185,                0.71062,                0.80751,                0.68586,                0.42258,                0.84119,                0.42783,                 0.5762,              0.0004028,              0.0004028,              0.0004028
                    123,                 0.4516,                0.86065,                0.39361,                0.92371,                0.89376,                0.71152,                0.81992,                0.71955,                0.88709,                0.71221,                0.80729,                0.68215,                0.42823,                0.85224,                0.43773,                0.58184,              0.0003896,              0.0003896,              0.0003896
                    124,                0.44715,                0.85664,                0.38522,                0.92365,                0.88161,                0.72177,                0.82109,                0.72098,                0.87675,                0.71779,                0.80684,                0.68235,                0.44101,                 0.8435,                0.44662,                0.58909,              0.0003764,              0.0003764,              0.0003764
                    125,                0.45096,                0.86139,                0.39401,                0.92935,                0.88131,                0.71966,                0.81908,                0.72138,                0.87452,                0.71665,                0.80881,                 0.6856,                0.43751,                0.83444,                0.43981,                0.58694,              0.0003632,              0.0003632,              0.0003632
                    126,                 0.4564,                0.86199,                0.39271,                0.92565,                0.89814,                0.71038,                0.82045,                0.72293,                0.89309,                0.70639,                0.81125,                0.68757,                0.41845,                0.83459,                 0.4036,                0.57548,                0.00035,                0.00035,                0.00035
                    127,                 0.4464,                0.81271,                 0.3894,                0.92638,                0.90271,                0.70882,                0.82199,                0.72383,                0.89469,                0.70468,                0.81234,                0.68908,                0.41743,                0.83997,                0.40136,                0.57281,              0.0003368,              0.0003368,              0.0003368
                    128,                0.45165,                0.81174,                0.38922,                0.92318,                0.88186,                0.72463,                 0.8223,                0.72326,                0.88138,                0.72121,                0.81285,                0.68932,                0.41702,                0.84194,                0.40071,                0.57451,              0.0003236,              0.0003236,              0.0003236
                    129,                0.44832,                0.84037,                0.39238,                0.92272,                0.91628,                0.69726,                0.82101,                0.72385,                0.89097,                0.70696,                0.81249,                0.68753,                 0.4169,                0.83945,                0.40593,                0.57626,              0.0003104,              0.0003104,              0.0003104
                    130,                0.44975,                0.84299,                0.38954,                0.92669,                0.90716,                0.70296,                 0.8212,                0.72345,                0.90201,                0.69897,                0.81051,                 0.6878,                 0.4187,                0.84806,                0.40429,                0.57652,              0.0002972,              0.0002972,              0.0002972
                    131,                0.44877,                0.85115,                0.38484,                0.92077,                0.92228,                0.69783,                0.81933,                0.72374,                0.89453,                 0.7041,                0.81024,                0.68698,                 0.4169,                 0.8444,                0.40273,                 0.5763,               0.000284,               0.000284,               0.000284
                    132,                0.45075,                0.85301,                0.39358,                0.92846,                0.91646,                0.70468,                0.82272,                0.72392,                0.89041,                0.70875,                0.80938,                0.68711,                 0.4211,                0.82785,                0.41635,                0.58096,              0.0002708,              0.0002708,              0.0002708
                    133,                0.44361,                0.83185,                 0.3845,                0.92049,                0.91435,                0.70599,                0.82251,                0.72531,                0.90913,                0.70162,                0.80992,                0.68857,                0.42197,                0.82105,                0.42728,                0.58092,              0.0002576,              0.0002576,              0.0002576
                    134,                0.44647,                0.83785,                0.38495,                0.92132,                0.91508,                0.70011,                0.82271,                0.72486,                0.89809,                0.70639,                0.81153,                0.68923,                0.42156,                0.82784,                0.43369,                0.57997,              0.0002444,              0.0002444,              0.0002444
                    135,                0.44124,                0.82018,                0.38386,                0.91957,                0.92377,                0.70068,                0.82168,                0.72497,                0.91144,                0.69828,                0.80762,                0.68752,                 0.4245,                0.83976,                0.43148,                0.58082,              0.0002312,              0.0002312,              0.0002312
                    136,                0.43757,                0.77325,                0.37848,                0.91843,                0.92451,                0.69824,                0.82056,                0.72531,                0.91621,                0.69197,                0.80936,                0.68847,                0.42354,                0.83435,                0.42493,                0.57866,               0.000218,               0.000218,               0.000218
                    137,                0.44455,                0.82302,                0.38175,                0.92219,                0.92516,                0.69498,                0.82032,                0.72514,                0.91833,                0.68985,                0.80696,                0.68706,                0.41916,                 0.8417,                0.42569,                0.57651,              0.0002048,              0.0002048,              0.0002048
                    138,                 0.4475,                0.81778,                0.38263,                0.92349,                0.92121,                0.69555,                0.81886,                0.72477,                0.91698,                0.69042,                0.80789,                0.68803,                0.41734,                0.84737,                0.43234,                0.57463,              0.0001916,              0.0001916,              0.0001916
                    139,                0.43698,                0.80762,                0.37697,                0.91996,                 0.9258,                0.69384,                0.81874,                0.72324,                0.91028,                0.69409,                0.80755,                0.68655,                0.41783,                0.83913,                0.43669,                0.57469,              0.0001784,              0.0001784,              0.0001784
                    140,                0.44191,                0.79859,                0.37984,                0.92082,                0.92696,                0.69457,                0.81943,                 0.7233,                0.92291,                0.68941,                0.80765,                0.68768,                0.41681,                0.84093,                0.43592,                0.57393,              0.0001652,              0.0001652,              0.0001652
                    141,                0.46439,                0.86708,                0.42341,                0.91061,                0.93022,                 0.6927,                0.82142,                0.72344,                0.92054,                0.69347,                0.80935,                0.68662,                0.41916,                0.84838,                0.44186,                0.57542,               0.000152,               0.000152,               0.000152
                    142,                0.45595,                0.82967,                0.40886,                0.90851,                0.92706,                0.69562,                0.82085,                0.72459,                0.93089,                0.68757,                0.80793,                0.68599,                0.41961,                0.84657,                 0.4407,                0.57589,              0.0001388,              0.0001388,              0.0001388
                    143,                0.46626,                0.84529,                0.40921,                0.91149,                0.94595,                0.68814,                0.82168,                0.72416,                0.93851,                0.68187,                0.80806,                0.68664,                0.41849,                0.84093,                0.43696,                0.57627,              0.0001256,              0.0001256,              0.0001256
                    144,                0.45541,                0.84095,                 0.4116,                0.91095,                0.94646,                0.68871,                 0.8224,                0.72452,                0.93165,                0.68643,                0.80889,                0.68646,                0.42018,                0.83745,                0.43481,                0.57664,              0.0001124,              0.0001124,              0.0001124
                    145,                0.45092,                0.82446,                0.40479,                0.90955,                0.94388,                0.68928,                0.82283,                0.72354,                0.93666,                0.68296,                 0.8101,                0.68702,                0.42083,                0.83934,                 0.4332,                0.57722,               9.92e-05,               9.92e-05,               9.92e-05
                    146,                0.44714,                0.82978,                0.39513,                0.90509,                0.94165,                0.69001,                0.82314,                0.72403,                0.89103,                0.70863,                 0.8102,                0.68807,                 0.4209,                0.84551,                 0.4347,                0.57701,                8.6e-05,                8.6e-05,                8.6e-05
                    147,                0.44763,                0.81898,                0.39878,                0.90335,                 0.9314,                0.69213,                0.82272,                0.72412,                0.88976,                0.70865,                0.81017,                0.68717,                0.42055,                0.84742,                0.43705,                0.57689,               7.28e-05,               7.28e-05,               7.28e-05
                    148,                0.44659,                0.83084,                0.39965,                0.90475,                0.93407,                0.69099,                 0.8222,                0.72504,                0.89109,                0.70867,                0.81005,                0.68804,                 0.4222,                0.84981,                0.43771,                 0.5782,               5.96e-05,               5.96e-05,               5.96e-05
                    149,                0.44406,                0.80737,                0.39717,                0.90621,                0.93272,                0.69441,                0.82313,                 0.7248,                0.89291,                 0.7083,                0.80996,                0.68918,                0.42252,                0.84683,                0.43669,                 0.5786,               4.64e-05,               4.64e-05,               4.64e-05
                    150,                0.44648,                0.81923,                0.39548,                0.90427,                0.93113,                0.69371,                0.82321,                 0.7248,                0.89426,                0.70879,                0.81025,                0.68869,                0.42255,                0.84564,                0.43573,                 0.5787,               3.32e-05,               3.32e-05,               3.32e-05
